input_lr,readout_lr,digit_pair,epoch,CKA
0.1,0.001,45,0000,0.4443824291229248
0.1,0.001,45,0004,0.4469873011112213
0.1,0.001,45,0008,0.44790998101234436
0.1,0.001,45,0012,0.4483821988105774
0.1,0.001,45,0016,0.44905295968055725
0.1,0.001,45,0020,0.4493567943572998
0.1,0.001,45,0024,0.4495830833911896
0.1,0.001,45,0028,0.45013025403022766
0.1,0.001,45,0032,0.4502961039543152
0.1,0.001,45,0036,0.45033037662506104
0.1,0.001,45,0040,0.45107537508010864
0.1,0.001,45,0044,0.45137879252433777
0.1,0.001,45,0048,0.4515778720378876
0.1,0.001,45,0052,0.452025443315506
0.1,0.001,45,0056,0.4524962306022644
0.1,0.001,45,0060,0.4527318477630615
0.1,0.001,45,0064,0.4530083239078522
0.1,0.001,45,0068,0.4533454179763794
0.1,0.001,45,0072,0.4535844027996063
0.1,0.001,45,0076,0.45399773120880127
0.1,0.001,45,0080,0.4545290470123291
0.1,0.001,45,0084,0.45467719435691833
0.1,0.001,45,0088,0.4548671245574951
0.1,0.001,45,0092,0.455289363861084
0.1,0.001,45,0096,0.4555167853832245
0.1,0.001,45,0100,0.4557088017463684
0.1,0.001,45,0104,0.4561683237552643
0.1,0.001,45,0108,0.4562980830669403
0.1,0.001,45,0112,0.456576406955719
0.1,0.001,45,0116,0.45695096254348755
0.1,0.001,45,0120,0.45710378885269165
0.1,0.001,45,0124,0.45730406045913696
0.1,0.001,45,0128,0.4575748145580292
0.1,0.001,45,0132,0.45810747146606445
0.1,0.001,45,0136,0.4585251808166504
0.1,0.001,45,0140,0.45857906341552734
0.1,0.001,45,0144,0.4586566686630249
0.1,0.001,45,0148,0.45885056257247925
0.1,0.001,45,0152,0.4592956602573395
0.1,0.001,45,0156,0.4596044719219208
0.1,0.001,45,0160,0.45978984236717224
0.1,0.001,45,0164,0.46006667613983154
0.1,0.001,45,0168,0.4600183367729187
0.1,0.001,45,0172,0.460343599319458
0.1,0.001,45,0176,0.4605034589767456
0.1,0.001,45,0180,0.4608869254589081
0.1,0.001,45,0184,0.4612295925617218
0.1,0.001,45,0188,0.4615136981010437
0.1,0.001,45,0192,0.4615466296672821
0.1,0.001,45,0196,0.46174144744873047
0.1,0.001,45,0200,0.4620960056781769
0.1,0.001,45,0204,0.4621875584125519
0.1,0.001,45,0208,0.46261361241340637
0.1,0.001,45,0212,0.4629078507423401
0.1,0.001,45,0216,0.4629402458667755
0.1,0.001,45,0220,0.4633758068084717
0.1,0.001,45,0224,0.4633587896823883
0.1,0.001,45,0228,0.46387067437171936
0.1,0.001,45,0232,0.46377772092819214
0.1,0.001,45,0236,0.46410349011421204
0.1,0.001,45,0240,0.46442046761512756
0.1,0.001,45,0244,0.4645634591579437
0.1,0.001,45,0248,0.4647767245769501
0.1,0.001,45,0252,0.46501675248146057
0.1,0.001,45,0256,0.46521663665771484
0.1,0.001,45,0260,0.46536093950271606
0.1,0.001,45,0264,0.46535059809684753
0.1,0.001,45,0268,0.46584877371788025
0.1,0.001,45,0272,0.4660387337207794
0.1,0.001,45,0276,0.4661118984222412
0.1,0.001,45,0280,0.46645116806030273
0.1,0.001,45,0284,0.46653133630752563
0.1,0.001,45,0288,0.46658915281295776
0.1,0.001,45,0292,0.4667588770389557
0.1,0.001,45,0296,0.46704375743865967
0.1,0.001,45,0300,0.46724408864974976
0.1,0.001,45,0304,0.4676332175731659
0.1,0.001,45,0308,0.4677945375442505
0.1,0.001,45,0312,0.46779564023017883
0.1,0.001,45,0316,0.4679681360721588
0.1,0.001,45,0320,0.46822789311408997
0.1,0.001,45,0324,0.468283474445343
0.1,0.001,45,0328,0.4686697721481323
0.1,0.001,45,0332,0.46881982684135437
0.1,0.001,45,0336,0.4688508212566376
0.1,0.001,45,0340,0.4690423905849457
0.1,0.001,45,0344,0.46929430961608887
0.1,0.001,45,0348,0.4696146249771118
0.1,0.001,45,0352,0.46995657682418823
0.1,0.001,45,0356,0.470048189163208
0.1,0.001,45,0360,0.47003650665283203
0.1,0.001,45,0364,0.47026538848876953
0.1,0.001,45,0368,0.4704740047454834
0.1,0.001,45,0372,0.47065553069114685
0.1,0.001,45,0376,0.47064825892448425
0.1,0.001,45,0380,0.47094449400901794
0.1,0.001,45,0384,0.47141772508621216
0.1,0.001,45,0388,0.4715808928012848
0.1,0.001,45,0392,0.47151637077331543
0.1,0.001,45,0396,0.47181347012519836
0.1,0.001,45,0400,0.4718741774559021
0.1,0.001,45,0404,0.4720003008842468
0.1,0.001,45,0408,0.47231465578079224
0.1,0.001,45,0412,0.47255420684814453
0.1,0.001,45,0416,0.47272399067878723
0.1,0.001,45,0420,0.47282999753952026
0.1,0.001,45,0424,0.47313782572746277
0.1,0.001,45,0428,0.4733334183692932
0.1,0.001,45,0432,0.47354334592819214
0.1,0.001,45,0436,0.4734286963939667
0.1,0.001,45,0440,0.4736994206905365
0.1,0.001,45,0444,0.47382017970085144
0.1,0.001,45,0448,0.4739895164966583
0.1,0.001,45,0452,0.47419455647468567
0.1,0.001,45,0456,0.4744945764541626
0.1,0.001,45,0460,0.4747216999530792
0.1,0.001,45,0464,0.4746369421482086
0.1,0.001,45,0468,0.47495409846305847
0.1,0.001,45,0472,0.4749050736427307
0.1,0.001,45,0476,0.47509661316871643
0.1,0.001,45,0480,0.47516271471977234
0.1,0.001,45,0484,0.4754219055175781
0.1,0.001,45,0488,0.4756520688533783
0.1,0.001,45,0492,0.4758473336696625
0.1,0.001,45,0496,0.4758433401584625
0.1,0.001,45,0500,0.47599291801452637
0.1,0.001,45,0504,0.4761718511581421
0.1,0.001,45,0508,0.4763038158416748
0.1,0.001,45,0512,0.4763202369213104
0.1,0.001,45,0516,0.47652867436408997
0.1,0.001,45,0520,0.476766973733902
0.1,0.001,45,0524,0.47668129205703735
0.1,0.001,45,0528,0.4768470525741577
0.1,0.001,45,0532,0.47712984681129456
0.1,0.001,45,0536,0.47718387842178345
0.1,0.001,45,0540,0.47727641463279724
0.1,0.001,45,0544,0.47753462195396423
0.1,0.001,45,0548,0.4775308668613434
0.1,0.001,45,0552,0.4777684509754181
0.1,0.001,45,0556,0.4780886471271515
0.1,0.001,45,0560,0.4782930016517639
0.1,0.001,45,0564,0.4782702624797821
0.1,0.001,45,0568,0.4783211052417755
0.1,0.001,45,0572,0.4786194860935211
0.1,0.001,45,0576,0.4786362946033478
0.1,0.001,45,0580,0.47884732484817505
0.1,0.001,45,0584,0.47901302576065063
0.1,0.001,45,0588,0.4790961444377899
0.1,0.001,45,0592,0.4791129529476166
0.1,0.001,45,0596,0.4792112112045288
0.1,0.001,45,0600,0.47921037673950195
0.1,0.001,45,0604,0.47947800159454346
0.1,0.001,45,0608,0.479627400636673
0.1,0.001,45,0612,0.4797997772693634
0.1,0.001,45,0616,0.4798904061317444
0.1,0.001,45,0620,0.48001065850257874
0.1,0.001,45,0624,0.48016610741615295
0.1,0.001,45,0628,0.4803951680660248
0.1,0.001,45,0632,0.4805655777454376
0.1,0.001,45,0636,0.48054611682891846
0.1,0.001,45,0640,0.4806258976459503
0.1,0.001,45,0644,0.48075634241104126
0.1,0.001,45,0648,0.48088783025741577
0.1,0.001,45,0652,0.48110756278038025
0.1,0.001,45,0656,0.48110195994377136
0.1,0.001,45,0660,0.4810939431190491
0.1,0.001,45,0664,0.4812425673007965
0.1,0.001,45,0668,0.4814276099205017
0.1,0.001,45,0672,0.48156028985977173
0.1,0.001,45,0676,0.4819059371948242
0.1,0.001,45,0680,0.4819372594356537
0.1,0.001,45,0684,0.4820212721824646
0.1,0.001,45,0688,0.4821842908859253
0.1,0.001,45,0692,0.4821957051753998
0.1,0.001,45,0696,0.48226282000541687
0.1,0.001,45,0700,0.48245203495025635
0.1,0.001,45,0704,0.4827539920806885
0.1,0.001,45,0708,0.4827273190021515
0.1,0.001,45,0712,0.48278576135635376
0.1,0.001,45,0716,0.4829954504966736
0.1,0.001,45,0720,0.48307836055755615
0.1,0.001,45,0724,0.48332852125167847
0.1,0.001,45,0728,0.4835962653160095
0.1,0.001,45,0732,0.48379039764404297
0.1,0.001,45,0736,0.4836574196815491
0.1,0.001,45,0740,0.4837680757045746
0.1,0.001,45,0744,0.4838990569114685
0.1,0.001,45,0748,0.48402971029281616
0.1,0.001,45,0752,0.4840710163116455
0.1,0.001,45,0756,0.4840845763683319
0.1,0.001,45,0760,0.4842187166213989
0.1,0.001,45,0764,0.4842696487903595
0.1,0.001,45,0768,0.48432469367980957
0.1,0.001,45,0772,0.48441243171691895
0.1,0.001,45,0776,0.48457011580467224
0.1,0.001,45,0780,0.48483142256736755
0.1,0.001,45,0784,0.48495253920555115
0.1,0.001,45,0788,0.48511824011802673
0.1,0.001,45,0792,0.48528188467025757
0.1,0.001,45,0796,0.48532554507255554
0.1,0.001,45,0800,0.4853416383266449
0.1,0.001,45,0804,0.4853917956352234
0.1,0.001,45,0808,0.4853849709033966
0.1,0.001,45,0812,0.4855239987373352
0.1,0.001,45,0816,0.48549383878707886
0.1,0.001,45,0820,0.48582372069358826
0.1,0.001,45,0824,0.4860035479068756
0.1,0.001,45,0828,0.4861190915107727
0.1,0.001,45,0832,0.48611781001091003
0.1,0.001,45,0836,0.4863871932029724
0.1,0.001,45,0840,0.4864506125450134
0.1,0.001,45,0844,0.4865407943725586
0.1,0.001,45,0848,0.486721932888031
0.1,0.001,45,0852,0.4866885244846344
0.1,0.001,45,0856,0.48696380853652954
0.1,0.001,45,0860,0.48704344034194946
0.1,0.001,45,0864,0.4870532155036926
0.1,0.001,45,0868,0.48727086186408997
0.1,0.001,45,0872,0.48724237084388733
0.1,0.001,45,0876,0.48736268281936646
0.1,0.001,45,0880,0.487342894077301
0.1,0.001,45,0884,0.4873349070549011
0.1,0.001,45,0888,0.4875023066997528
0.1,0.001,45,0892,0.4877243936061859
0.1,0.001,45,0896,0.4878356456756592
0.1,0.001,45,0900,0.48787611722946167
0.1,0.001,45,0904,0.4879271984100342
0.1,0.001,45,0908,0.48809710144996643
0.1,0.001,45,0912,0.4880642294883728
0.1,0.001,45,0916,0.4880819320678711
0.1,0.001,45,0920,0.4881212115287781
0.1,0.001,45,0924,0.4882650673389435
0.1,0.001,45,0928,0.48839932680130005
0.1,0.001,45,0932,0.4885512888431549
0.1,0.001,45,0936,0.48866599798202515
0.1,0.001,45,0940,0.48879274725914
0.1,0.001,45,0944,0.48894932866096497
0.1,0.001,45,0948,0.488966166973114
0.1,0.001,45,0952,0.4891015589237213
0.1,0.001,45,0956,0.48915377259254456
0.1,0.001,45,0960,0.4891776740550995
0.1,0.001,45,0964,0.4893140494823456
0.1,0.001,45,0968,0.4892978370189667
0.1,0.001,45,0972,0.4894030690193176
0.1,0.001,45,0976,0.48947376012802124
0.1,0.001,45,0980,0.48963090777397156
0.1,0.001,45,0984,0.48977190256118774
0.1,0.001,45,0988,0.48974213004112244
0.1,0.001,45,0992,0.4898550510406494
0.1,0.001,45,0996,0.4899677634239197
0.1,0.001,45,1000,0.4899579882621765
0.1,0.001,45,1004,0.48997625708580017
0.1,0.001,45,1008,0.4899868965148926
0.1,0.001,45,1012,0.4902041554450989
0.1,0.001,45,1016,0.49014243483543396
0.1,0.001,45,1020,0.4903174638748169
0.1,0.001,45,1024,0.490444540977478
0.1,0.001,45,1028,0.4904698133468628
0.1,0.001,45,1032,0.490558922290802
0.1,0.001,45,1036,0.4906449019908905
0.1,0.001,45,1040,0.4907086193561554
0.1,0.001,45,1044,0.49072203040122986
0.1,0.001,45,1048,0.4907965660095215
0.1,0.001,45,1052,0.4909033179283142
0.1,0.001,45,1056,0.49108102917671204
0.1,0.001,45,1060,0.4911370277404785
0.1,0.001,45,1064,0.4910379648208618
0.1,0.001,45,1068,0.4910465478897095
0.1,0.001,45,1072,0.49106308817863464
0.1,0.001,45,1076,0.49107852578163147
0.1,0.001,45,1080,0.4911491870880127
0.1,0.001,45,1084,0.49126556515693665
0.1,0.001,45,1088,0.49142563343048096
0.1,0.001,45,1092,0.49153146147727966
0.1,0.001,45,1096,0.49153339862823486
0.1,0.001,45,1100,0.4915609061717987
0.1,0.001,45,1104,0.49167633056640625
0.1,0.001,45,1108,0.4916246235370636
0.1,0.001,45,1112,0.49176111817359924
0.1,0.001,45,1116,0.4919258654117584
0.1,0.001,45,1120,0.49197131395339966
0.1,0.001,45,1124,0.49201685190200806
0.1,0.001,45,1128,0.4921010732650757
0.1,0.001,45,1132,0.4921301305294037
0.1,0.001,45,1136,0.49223217368125916
0.1,0.001,45,1140,0.492399662733078
0.1,0.001,45,1144,0.4926035404205322
0.1,0.001,45,1148,0.49261218309402466
0.1,0.001,45,1152,0.4926225543022156
0.1,0.001,45,1156,0.49259158968925476
0.1,0.001,45,1160,0.49257907271385193
0.1,0.001,45,1164,0.49265360832214355
0.1,0.001,45,1168,0.4928625822067261
0.1,0.001,45,1172,0.4929218888282776
0.1,0.001,45,1176,0.4931486248970032
0.1,0.001,45,1180,0.4931987226009369
0.1,0.001,45,1184,0.4931972026824951
0.1,0.001,45,1188,0.4932515323162079
0.1,0.001,45,1192,0.4932525157928467
0.1,0.001,45,1196,0.4932132363319397
0.1,0.001,45,1200,0.4932728707790375
0.1,0.001,45,1204,0.49344152212142944
0.1,0.001,45,1208,0.49336373805999756
0.1,0.001,45,1212,0.4933990240097046
0.1,0.001,45,1216,0.49342384934425354
0.1,0.001,45,1220,0.4935198128223419
0.1,0.001,45,1224,0.4936079680919647
0.1,0.001,45,1228,0.49368980526924133
0.1,0.001,45,1232,0.4937185049057007
0.1,0.001,45,1236,0.49374842643737793
0.1,0.001,45,1240,0.49380066990852356
0.1,0.001,45,1244,0.49395328760147095
0.1,0.001,45,1248,0.49407830834388733
0.1,0.001,45,1252,0.4940909743309021
0.1,0.001,45,1256,0.494232177734375
0.1,0.001,45,1260,0.4941697120666504
0.1,0.001,45,1264,0.49426618218421936
0.1,0.001,45,1268,0.49433040618896484
0.1,0.001,45,1272,0.49425676465034485
0.1,0.001,45,1276,0.4944787621498108
0.1,0.001,45,1280,0.4945422410964966
0.1,0.001,45,1284,0.494658887386322
0.1,0.001,45,1288,0.49479949474334717
0.1,0.001,45,1292,0.4948684573173523
0.1,0.001,45,1296,0.4949694573879242
0.1,0.001,45,1300,0.4948898255825043
0.1,0.001,45,1304,0.4948793947696686
0.1,0.001,45,1308,0.4950141906738281
0.1,0.001,45,1312,0.495045930147171
0.1,0.001,45,1316,0.49502477049827576
0.1,0.001,45,1320,0.49518445134162903
0.1,0.001,45,1324,0.4952392578125
0.1,0.001,45,1328,0.49527883529663086
0.1,0.001,45,1332,0.49527743458747864
0.1,0.001,45,1336,0.4952027201652527
0.1,0.001,45,1340,0.49525347352027893
0.1,0.001,45,1344,0.49534082412719727
0.1,0.001,45,1348,0.4955429434776306
0.1,0.001,45,1352,0.49561503529548645
0.1,0.001,45,1356,0.4957248568534851
0.1,0.001,45,1360,0.4958278238773346
0.1,0.001,45,1364,0.49582168459892273
0.1,0.001,45,1368,0.4958701729774475
0.1,0.001,45,1372,0.49577462673187256
0.1,0.001,45,1376,0.49577370285987854
0.1,0.001,45,1380,0.49584367871284485
0.1,0.001,45,1384,0.49584317207336426
0.1,0.001,45,1388,0.49582943320274353
0.1,0.001,45,1392,0.49585509300231934
0.1,0.001,45,1396,0.4959859848022461
0.1,0.001,45,1400,0.49602028727531433
0.1,0.001,45,1404,0.4960430860519409
0.1,0.001,45,1408,0.49611547589302063
0.1,0.001,45,1412,0.4961983859539032
0.1,0.001,45,1416,0.4962061643600464
0.1,0.001,45,1420,0.496200829744339
0.1,0.001,45,1424,0.49626633524894714
0.1,0.001,45,1428,0.49638596177101135
0.1,0.001,45,1432,0.49658071994781494
0.1,0.001,45,1436,0.4966367781162262
0.1,0.001,45,1440,0.4966805577278137
0.1,0.001,45,1444,0.49656912684440613
0.1,0.001,45,1448,0.4964595139026642
0.1,0.001,45,1452,0.49653294682502747
0.1,0.001,45,1456,0.4966304898262024
0.1,0.001,45,1460,0.4966862201690674
0.1,0.001,45,1464,0.496844083070755
0.1,0.001,45,1468,0.49674180150032043
0.1,0.001,45,1472,0.4967201352119446
0.1,0.001,45,1476,0.49678388237953186
0.1,0.001,45,1480,0.4968510866165161
0.1,0.001,45,1484,0.4969191551208496
0.1,0.001,45,1488,0.4969548285007477
0.1,0.001,45,1492,0.49695703387260437
0.1,0.001,45,1496,0.4970177710056305
0.1,0.001,45,1500,0.49712371826171875
0.1,0.001,45,1504,0.49701592326164246
0.1,0.001,45,1508,0.49719366431236267
0.1,0.001,45,1512,0.4971909821033478
0.1,0.001,45,1516,0.4973193407058716
0.1,0.001,45,1520,0.4974381625652313
0.1,0.001,45,1524,0.4974691867828369
0.1,0.001,45,1528,0.4975992441177368
0.1,0.001,45,1532,0.4975745677947998
0.1,0.001,45,1536,0.4975709021091461
0.1,0.001,45,1540,0.49757254123687744
0.1,0.001,45,1544,0.49760162830352783
0.1,0.001,45,1548,0.49766677618026733
0.1,0.001,45,1552,0.4976434111595154
0.1,0.001,45,1556,0.49761125445365906
0.1,0.001,45,1560,0.4976779520511627
0.1,0.001,45,1564,0.4976664185523987
0.1,0.001,45,1568,0.4977305829524994
0.1,0.001,45,1572,0.4977571964263916
0.1,0.001,45,1576,0.49776628613471985
0.1,0.001,45,1580,0.49781185388565063
0.1,0.001,45,1584,0.49788564443588257
0.1,0.001,45,1588,0.498006671667099
0.1,0.001,45,1592,0.4979568421840668
0.1,0.001,45,1596,0.4980616271495819
0.1,0.001,45,1600,0.49801748991012573
0.1,0.001,45,1604,0.4980246424674988
0.1,0.001,45,1608,0.49802687764167786
0.1,0.001,45,1612,0.49806851148605347
0.1,0.001,45,1616,0.49809232354164124
0.1,0.001,45,1620,0.4982588291168213
0.1,0.001,45,1624,0.49827903509140015
0.1,0.001,45,1628,0.49829673767089844
0.1,0.001,45,1632,0.4983271360397339
0.1,0.001,45,1636,0.4983435273170471
0.1,0.001,45,1640,0.49814751744270325
0.1,0.001,45,1644,0.4981756806373596
0.1,0.001,45,1648,0.49831995368003845
0.1,0.001,45,1652,0.4983067512512207
0.1,0.001,45,1656,0.49836739897727966
0.1,0.001,45,1660,0.49838343262672424
0.1,0.001,45,1664,0.4983156621456146
0.1,0.001,45,1668,0.49844667315483093
0.1,0.001,45,1672,0.4985469579696655
0.1,0.001,45,1676,0.49861615896224976
0.1,0.001,45,1680,0.4985773265361786
0.1,0.001,45,1684,0.4986933171749115
0.1,0.001,45,1688,0.4987305700778961
0.1,0.001,45,1692,0.49878039956092834
0.1,0.001,45,1696,0.4987422227859497
0.1,0.001,45,1700,0.49877485632896423
0.1,0.001,45,1704,0.4989670515060425
0.1,0.001,45,1708,0.49897438287734985
0.1,0.001,45,1712,0.4990047216415405
0.1,0.001,45,1716,0.4989906847476959
0.1,0.001,45,1720,0.49896150827407837
0.1,0.001,45,1724,0.49900028109550476
0.1,0.001,45,1728,0.4991858899593353
0.1,0.001,45,1732,0.49923887848854065
0.1,0.001,45,1736,0.4991183280944824
0.1,0.001,45,1740,0.4990822970867157
0.1,0.001,45,1744,0.49916836619377136
0.1,0.001,45,1748,0.4992501735687256
0.1,0.001,45,1752,0.4992538392543793
0.1,0.001,45,1756,0.4992421567440033
0.1,0.001,45,1760,0.4993438124656677
0.1,0.001,45,1764,0.4994613826274872
0.1,0.001,45,1768,0.49950286746025085
0.1,0.001,45,1772,0.4994543194770813
0.1,0.001,45,1776,0.4994409382343292
0.1,0.001,45,1780,0.4994823932647705
0.1,0.001,45,1784,0.49948999285697937
0.1,0.001,45,1788,0.4995414614677429
0.1,0.001,45,1792,0.49959370493888855
0.1,0.001,45,1796,0.49959102272987366
0.1,0.001,45,1800,0.49962106347084045
0.1,0.001,45,1804,0.4996565878391266
0.1,0.001,45,1808,0.4997262954711914
0.1,0.001,45,1812,0.4997619092464447
0.1,0.001,45,1816,0.49969732761383057
0.1,0.001,45,1820,0.49974676966667175
0.1,0.001,45,1824,0.4997236430644989
0.1,0.001,45,1828,0.4997827708721161
0.1,0.001,45,1832,0.49978670477867126
0.1,0.001,45,1836,0.4998854100704193
0.1,0.001,45,1840,0.4998638331890106
0.1,0.001,45,1844,0.4998675584793091
0.1,0.001,45,1848,0.4998934268951416
0.1,0.001,45,1852,0.49987396597862244
0.1,0.001,45,1856,0.499857634305954
0.1,0.001,45,1860,0.4999239146709442
0.1,0.001,45,1864,0.499916136264801
0.1,0.001,45,1868,0.4999120235443115
0.1,0.001,45,1872,0.49990466237068176
0.1,0.001,45,1876,0.5000033974647522
0.1,0.001,45,1880,0.5001042485237122
0.1,0.001,45,1884,0.5000786781311035
0.1,0.001,45,1888,0.500117301940918
0.1,0.001,45,1892,0.5001171827316284
0.1,0.001,45,1896,0.500138521194458
0.1,0.001,45,1900,0.5001780986785889
0.1,0.001,45,1904,0.5002356171607971
0.1,0.001,45,1908,0.5002371668815613
0.1,0.001,45,1912,0.5002882480621338
0.1,0.001,45,1916,0.5002797245979309
0.1,0.001,45,1920,0.5002540946006775
0.1,0.001,45,1924,0.5003745555877686
0.1,0.001,45,1928,0.500383734703064
0.1,0.001,45,1932,0.5004298686981201
0.1,0.001,45,1936,0.5003827810287476
0.1,0.001,45,1940,0.5004358887672424
0.1,0.001,45,1944,0.5004698038101196
0.1,0.001,45,1948,0.500492513179779
0.1,0.001,45,1952,0.500618040561676
0.1,0.001,45,1956,0.50058513879776
0.1,0.001,45,1960,0.5006237030029297
0.1,0.001,45,1964,0.5006564855575562
0.1,0.001,45,1968,0.5007268190383911
0.1,0.001,45,1972,0.5008342862129211
0.1,0.001,45,1976,0.5007898807525635
0.1,0.001,45,1980,0.5009145736694336
0.1,0.001,45,1984,0.5009260177612305
0.1,0.001,45,1988,0.501008927822113
0.1,0.001,45,1992,0.5009164810180664
0.1,0.001,45,1996,0.500937819480896
0.1,0.001,45,2000,0.5009849667549133
0.1,0.001,45,2004,0.501018226146698
0.1,0.001,45,2008,0.5009667277336121
0.1,0.001,45,2012,0.5010062456130981
0.1,0.001,45,2016,0.5010014176368713
0.1,0.001,45,2020,0.5010608434677124
0.1,0.001,45,2024,0.5011380314826965
0.1,0.001,45,2028,0.5011806488037109
0.1,0.001,45,2032,0.5011747479438782
0.1,0.001,45,2036,0.5012455582618713
0.1,0.001,45,2040,0.5012805461883545
0.1,0.001,45,2044,0.5013201236724854
0.1,0.01,45,0000,0.4964017868041992
0.1,0.01,45,0004,0.499875545501709
0.1,0.01,45,0008,0.4975152611732483
0.1,0.01,45,0012,0.49545255303382874
0.1,0.01,45,0016,0.4955790042877197
0.1,0.01,45,0020,0.4967217445373535
0.1,0.01,45,0024,0.4993848204612732
0.1,0.01,45,0028,0.5014880299568176
0.1,0.01,45,0032,0.5042442083358765
0.1,0.01,45,0036,0.5064932703971863
0.1,0.01,45,0040,0.5096172094345093
0.1,0.01,45,0044,0.5119892954826355
0.1,0.01,45,0048,0.5140206813812256
0.1,0.01,45,0052,0.5163348317146301
0.1,0.01,45,0056,0.5185369253158569
0.1,0.01,45,0060,0.5206747651100159
0.1,0.01,45,0064,0.5222017168998718
0.1,0.01,45,0068,0.5243273973464966
0.1,0.01,45,0072,0.5265684127807617
0.1,0.01,45,0076,0.528310239315033
0.1,0.01,45,0080,0.5304273366928101
0.1,0.01,45,0084,0.5324647426605225
0.1,0.01,45,0088,0.5336452126502991
0.1,0.01,45,0092,0.5357045531272888
0.1,0.01,45,0096,0.5374670624732971
0.1,0.01,45,0100,0.5388521552085876
0.1,0.01,45,0104,0.5404012799263
0.1,0.01,45,0108,0.5422684550285339
0.1,0.01,45,0112,0.5434302687644958
0.1,0.01,45,0116,0.5450292825698853
0.1,0.01,45,0120,0.5465551018714905
0.1,0.01,45,0124,0.5476093888282776
0.1,0.01,45,0128,0.5488866567611694
0.1,0.01,45,0132,0.5500730276107788
0.1,0.01,45,0136,0.5514897108078003
0.1,0.01,45,0140,0.5520883798599243
0.1,0.01,45,0144,0.5533533096313477
0.1,0.01,45,0148,0.5543434619903564
0.1,0.01,45,0152,0.5554835200309753
0.1,0.01,45,0156,0.5566162467002869
0.1,0.01,45,0160,0.5575656890869141
0.1,0.01,45,0164,0.5583105683326721
0.1,0.01,45,0168,0.559085488319397
0.1,0.01,45,0172,0.5598574280738831
0.1,0.01,45,0176,0.5607917308807373
0.1,0.01,45,0180,0.5618494749069214
0.1,0.01,45,0184,0.5624626874923706
0.1,0.01,45,0188,0.5633890628814697
0.1,0.01,45,0192,0.5638706684112549
0.1,0.01,45,0196,0.5643467307090759
0.1,0.01,45,0200,0.5655831694602966
0.1,0.01,45,0204,0.5659407377243042
0.1,0.01,45,0208,0.5668685436248779
0.1,0.01,45,0212,0.5673803687095642
0.1,0.01,45,0216,0.5676844120025635
0.1,0.01,45,0220,0.5684042572975159
0.1,0.01,45,0224,0.5687268376350403
0.1,0.01,45,0228,0.5697516202926636
0.1,0.01,45,0232,0.5705609321594238
0.1,0.01,45,0236,0.5705698132514954
0.1,0.01,45,0240,0.5708810091018677
0.1,0.01,45,0244,0.5714879035949707
0.1,0.01,45,0248,0.5725038647651672
0.1,0.01,45,0252,0.5730902552604675
0.1,0.01,45,0256,0.5733031630516052
0.1,0.01,45,0260,0.5736432075500488
0.1,0.01,45,0264,0.574041485786438
0.1,0.01,45,0268,0.5744946599006653
0.1,0.01,45,0272,0.5748856067657471
0.1,0.01,45,0276,0.5750073790550232
0.1,0.01,45,0280,0.5753389000892639
0.1,0.01,45,0284,0.5757468342781067
0.1,0.01,45,0288,0.5761787295341492
0.1,0.01,45,0292,0.5763397812843323
0.1,0.01,45,0296,0.5768982172012329
0.1,0.01,45,0300,0.5778378248214722
0.1,0.01,45,0304,0.5784124732017517
0.1,0.01,45,0308,0.5785167217254639
0.1,0.01,45,0312,0.5786832571029663
0.1,0.01,45,0316,0.5788127183914185
0.1,0.01,45,0320,0.5792341828346252
0.1,0.01,45,0324,0.5796875357627869
0.1,0.01,45,0328,0.5800381302833557
0.1,0.01,45,0332,0.5804256200790405
0.1,0.01,45,0336,0.5808231234550476
0.1,0.01,45,0340,0.5808712840080261
0.1,0.01,45,0344,0.5812315940856934
0.1,0.01,45,0348,0.5815237164497375
0.1,0.01,45,0352,0.5817815065383911
0.1,0.01,45,0356,0.5821845531463623
0.1,0.01,45,0360,0.5824374556541443
0.1,0.01,45,0364,0.582286536693573
0.1,0.01,45,0368,0.5825863480567932
0.1,0.01,45,0372,0.5829194784164429
0.1,0.01,45,0376,0.5828281044960022
0.1,0.01,45,0380,0.5829158425331116
0.1,0.01,45,0384,0.5835821628570557
0.1,0.01,45,0388,0.5836099982261658
0.1,0.01,45,0392,0.5836045145988464
0.1,0.01,45,0396,0.5837071537971497
0.1,0.01,45,0400,0.5841720104217529
0.1,0.01,45,0404,0.5841137766838074
0.1,0.01,45,0408,0.5842848420143127
0.1,0.01,45,0412,0.5843694806098938
0.1,0.01,45,0416,0.5848726034164429
0.1,0.01,45,0420,0.584877073764801
0.1,0.01,45,0424,0.585165798664093
0.1,0.01,45,0428,0.5851003527641296
0.1,0.01,45,0432,0.5854924321174622
0.1,0.01,45,0436,0.5855134725570679
0.1,0.01,45,0440,0.5858838558197021
0.1,0.01,45,0444,0.5859161019325256
0.1,0.01,45,0448,0.5859550833702087
0.1,0.01,45,0452,0.5862359404563904
0.1,0.01,45,0456,0.5863855481147766
0.1,0.01,45,0460,0.5865837931632996
0.1,0.01,45,0464,0.5868982672691345
0.1,0.01,45,0468,0.5867440700531006
0.1,0.01,45,0472,0.587306797504425
0.1,0.01,45,0476,0.5873215198516846
0.1,0.01,45,0480,0.5874372720718384
0.1,0.01,45,0484,0.5874601602554321
0.1,0.01,45,0488,0.5874526500701904
0.1,0.01,45,0492,0.5872069597244263
0.1,0.01,45,0496,0.5872456431388855
0.1,0.01,45,0500,0.5875779390335083
0.1,0.01,45,0504,0.5877267122268677
0.1,0.01,45,0508,0.5880325436592102
0.1,0.01,45,0512,0.587963879108429
0.1,0.01,45,0516,0.5880406498908997
0.1,0.01,45,0520,0.5881710648536682
0.1,0.01,45,0524,0.5886277556419373
0.1,0.01,45,0528,0.5888860821723938
0.1,0.01,45,0532,0.5890306234359741
0.1,0.01,45,0536,0.5889973044395447
0.1,0.01,45,0540,0.5890212059020996
0.1,0.01,45,0544,0.5893493294715881
0.1,0.01,45,0548,0.5890776515007019
0.1,0.01,45,0552,0.5891979336738586
0.1,0.01,45,0556,0.5892163515090942
0.1,0.01,45,0560,0.5892518162727356
0.1,0.01,45,0564,0.5894668698310852
0.1,0.01,45,0568,0.5895265936851501
0.1,0.01,45,0572,0.5895461440086365
0.1,0.01,45,0576,0.589792788028717
0.1,0.01,45,0580,0.589532732963562
0.1,0.01,45,0584,0.589695394039154
0.1,0.01,45,0588,0.5898371934890747
0.1,0.01,45,0592,0.589627742767334
0.1,0.01,45,0596,0.5896481871604919
0.1,0.01,45,0600,0.5899484753608704
0.1,0.01,45,0604,0.5902113318443298
0.1,0.01,45,0608,0.5902097225189209
0.1,0.01,45,0612,0.5901892185211182
0.1,0.01,45,0616,0.5901668667793274
0.1,0.01,45,0620,0.5901333093643188
0.1,0.01,45,0624,0.5902096033096313
0.1,0.01,45,0628,0.5902834534645081
0.1,0.01,45,0632,0.59043288230896
0.1,0.01,45,0636,0.5904664397239685
0.1,0.01,45,0640,0.5905301570892334
0.1,0.01,45,0644,0.5907391309738159
0.1,0.01,45,0648,0.5906761884689331
0.1,0.01,45,0652,0.5907350778579712
0.1,0.01,45,0656,0.590907633304596
0.1,0.01,45,0660,0.5908411145210266
0.1,0.01,45,0664,0.5910482406616211
0.1,0.01,45,0668,0.5910000205039978
0.1,0.01,45,0672,0.5912051200866699
0.1,0.01,45,0676,0.5911692380905151
0.1,0.01,45,0680,0.5912366509437561
0.1,0.01,45,0684,0.5914874076843262
0.1,0.01,45,0688,0.5913974642753601
0.1,0.01,45,0692,0.5914782285690308
0.1,0.01,45,0696,0.5915362238883972
0.1,0.01,45,0700,0.5916805267333984
0.1,0.01,45,0704,0.5915915369987488
0.1,0.01,45,0708,0.5915278196334839
0.1,0.01,45,0712,0.5913807153701782
0.1,0.01,45,0716,0.5914247035980225
0.1,0.01,45,0720,0.5915367603302002
0.1,0.01,45,0724,0.5915389657020569
0.1,0.01,45,0728,0.5916911959648132
0.1,0.01,45,0732,0.5918179154396057
0.1,0.01,45,0736,0.5918834209442139
0.1,0.01,45,0740,0.591962993144989
0.1,0.01,45,0744,0.5920158624649048
0.1,0.01,45,0748,0.5919044613838196
0.1,0.01,45,0752,0.5922101736068726
0.1,0.01,45,0756,0.5921600461006165
0.1,0.01,45,0760,0.5924474000930786
0.1,0.01,45,0764,0.5925254821777344
0.1,0.01,45,0768,0.5924208164215088
0.1,0.01,45,0772,0.5925160646438599
0.1,0.01,45,0776,0.5925019979476929
0.1,0.01,45,0780,0.5925191044807434
0.1,0.01,45,0784,0.5925772190093994
0.1,0.01,45,0788,0.5926587581634521
0.1,0.01,45,0792,0.592634379863739
0.1,0.01,45,0796,0.5927383899688721
0.1,0.01,45,0800,0.5926438570022583
0.1,0.01,45,0804,0.5924679636955261
0.1,0.01,45,0808,0.5926781296730042
0.1,0.01,45,0812,0.5927618145942688
0.1,0.01,45,0816,0.5928900837898254
0.1,0.01,45,0820,0.5929829478263855
0.1,0.01,45,0824,0.5927785634994507
0.1,0.01,45,0828,0.5929874777793884
0.1,0.01,45,0832,0.5930874347686768
0.1,0.01,45,0836,0.5930721759796143
0.1,0.01,45,0840,0.5933595299720764
0.1,0.01,45,0844,0.5932632088661194
0.1,0.01,45,0848,0.5933436155319214
0.1,0.01,45,0852,0.5934979319572449
0.1,0.01,45,0856,0.593586266040802
0.1,0.01,45,0860,0.5935883522033691
0.1,0.01,45,0864,0.5936093330383301
0.1,0.01,45,0868,0.5933887362480164
0.1,0.01,45,0872,0.5935885310173035
0.1,0.01,45,0876,0.5935021042823792
0.1,0.01,45,0880,0.5936790704727173
0.1,0.01,45,0884,0.5935585498809814
0.1,0.01,45,0888,0.5936837196350098
0.1,0.01,45,0892,0.59377121925354
0.1,0.01,45,0896,0.5936702489852905
0.1,0.01,45,0900,0.5936142802238464
0.1,0.01,45,0904,0.5935729742050171
0.1,0.01,45,0908,0.5936045050621033
0.1,0.01,45,0912,0.5936322212219238
0.1,0.01,45,0916,0.5938161611557007
0.1,0.01,45,0920,0.5935389995574951
0.1,0.01,45,0924,0.5936092734336853
0.1,0.01,45,0928,0.5938268899917603
0.1,0.01,45,0932,0.5936481356620789
0.1,0.01,45,0936,0.5938182473182678
0.1,0.01,45,0940,0.5941007137298584
0.1,0.01,45,0944,0.5939264297485352
0.1,0.01,45,0948,0.5941246151924133
0.1,0.01,45,0952,0.5939522981643677
0.1,0.01,45,0956,0.5940715670585632
0.1,0.01,45,0960,0.5940873026847839
0.1,0.01,45,0964,0.5943138003349304
0.1,0.01,45,0968,0.594180166721344
0.1,0.01,45,0972,0.5943042635917664
0.1,0.01,45,0976,0.5944344401359558
0.1,0.01,45,0980,0.5942190885543823
0.1,0.01,45,0984,0.5943971276283264
0.1,0.01,45,0988,0.5942687392234802
0.1,0.01,45,0992,0.5944324135780334
0.1,0.01,45,0996,0.5944659113883972
0.1,0.01,45,1000,0.59446120262146
0.1,0.01,45,1004,0.5943526029586792
0.1,0.01,45,1008,0.5944796800613403
0.1,0.01,45,1012,0.594465434551239
0.1,0.01,45,1016,0.594153642654419
0.1,0.01,45,1020,0.5945247411727905
0.1,0.01,45,1024,0.5945541262626648
0.1,0.01,45,1028,0.5943691730499268
0.1,0.01,45,1032,0.5945044159889221
0.1,0.01,45,1036,0.5944358706474304
0.1,0.01,45,1040,0.5943454504013062
0.1,0.01,45,1044,0.5945422649383545
0.1,0.01,45,1048,0.5946715474128723
0.1,0.01,45,1052,0.5946723818778992
0.1,0.01,45,1056,0.5945580005645752
0.1,0.01,45,1060,0.5946224331855774
0.1,0.01,45,1064,0.5946252942085266
0.1,0.01,45,1068,0.5946053862571716
0.1,0.01,45,1072,0.5946741104125977
0.1,0.01,45,1076,0.5947794914245605
0.1,0.01,45,1080,0.594760537147522
0.1,0.01,45,1084,0.5948355197906494
0.1,0.01,45,1088,0.5947021842002869
0.1,0.01,45,1092,0.5946264266967773
0.1,0.01,45,1096,0.5948717594146729
0.1,0.01,45,1100,0.5948581099510193
0.1,0.01,45,1104,0.5949702858924866
0.1,0.01,45,1108,0.5950132012367249
0.1,0.01,45,1112,0.5947135090827942
0.1,0.01,45,1116,0.5951167941093445
0.1,0.01,45,1120,0.5950501561164856
0.1,0.01,45,1124,0.5950618386268616
0.1,0.01,45,1128,0.5949919819831848
0.1,0.01,45,1132,0.5949779152870178
0.1,0.01,45,1136,0.5949856638908386
0.1,0.01,45,1140,0.5950519442558289
0.1,0.01,45,1144,0.5950473546981812
0.1,0.01,45,1148,0.594989538192749
0.1,0.01,45,1152,0.5949808359146118
0.1,0.01,45,1156,0.5948894023895264
0.1,0.01,45,1160,0.5950065851211548
0.1,0.01,45,1164,0.5949889421463013
0.1,0.01,45,1168,0.5949994325637817
0.1,0.01,45,1172,0.5950983762741089
0.1,0.01,45,1176,0.5950940251350403
0.1,0.01,45,1180,0.5952897667884827
0.1,0.01,45,1184,0.5952503681182861
0.1,0.01,45,1188,0.5952309370040894
0.1,0.01,45,1192,0.5952543616294861
0.1,0.01,45,1196,0.5954950451850891
0.1,0.01,45,1200,0.5953515768051147
0.1,0.01,45,1204,0.595259428024292
0.1,0.01,45,1208,0.5952885150909424
0.1,0.01,45,1212,0.5954133868217468
0.1,0.01,45,1216,0.5954082012176514
0.1,0.01,45,1220,0.5953525900840759
0.1,0.01,45,1224,0.5953971147537231
0.1,0.01,45,1228,0.5955132842063904
0.1,0.01,45,1232,0.5954159498214722
0.1,0.01,45,1236,0.5953748226165771
0.1,0.01,45,1240,0.595439612865448
0.1,0.01,45,1244,0.5955373644828796
0.1,0.01,45,1248,0.595518946647644
0.1,0.01,45,1252,0.5954833030700684
0.1,0.01,45,1256,0.5956433415412903
0.1,0.01,45,1260,0.5957122445106506
0.1,0.01,45,1264,0.5957107543945312
0.1,0.01,45,1268,0.5957732796669006
0.1,0.01,45,1272,0.5955790877342224
0.1,0.01,45,1276,0.5956233739852905
0.1,0.01,45,1280,0.5956782102584839
0.1,0.01,45,1284,0.595772385597229
0.1,0.01,45,1288,0.595829963684082
0.1,0.01,45,1292,0.5957913398742676
0.1,0.01,45,1296,0.5957483053207397
0.1,0.01,45,1300,0.5958722829818726
0.1,0.01,45,1304,0.5957884192466736
0.1,0.01,45,1308,0.5957561135292053
0.1,0.01,45,1312,0.5957903265953064
0.1,0.01,45,1316,0.5959830284118652
0.1,0.01,45,1320,0.5958835482597351
0.1,0.01,45,1324,0.5958597660064697
0.1,0.01,45,1328,0.59599769115448
0.1,0.01,45,1332,0.5959140062332153
0.1,0.01,45,1336,0.5958793759346008
0.1,0.01,45,1340,0.5958231687545776
0.1,0.01,45,1344,0.5959572792053223
0.1,0.01,45,1348,0.5958727598190308
0.1,0.01,45,1352,0.5959242582321167
0.1,0.01,45,1356,0.5960127115249634
0.1,0.01,45,1360,0.5960960388183594
0.1,0.01,45,1364,0.5960600972175598
0.1,0.01,45,1368,0.5960614681243896
0.1,0.01,45,1372,0.5960631966590881
0.1,0.01,45,1376,0.5959073305130005
0.1,0.01,45,1380,0.5960426330566406
0.1,0.01,45,1384,0.5960749387741089
0.1,0.01,45,1388,0.5961072444915771
0.1,0.01,45,1392,0.5959452390670776
0.1,0.01,45,1396,0.5960285663604736
0.1,0.01,45,1400,0.5960213541984558
0.1,0.01,45,1404,0.5959739685058594
0.1,0.01,45,1408,0.5960259437561035
0.1,0.01,45,1412,0.5963259935379028
0.1,0.01,45,1416,0.5962364673614502
0.1,0.01,45,1420,0.5960925221443176
0.1,0.01,45,1424,0.5962812900543213
0.1,0.01,45,1428,0.5963005423545837
0.1,0.01,45,1432,0.5962049961090088
0.1,0.01,45,1436,0.5961984992027283
0.1,0.01,45,1440,0.5962434411048889
0.1,0.01,45,1444,0.5961074829101562
0.1,0.01,45,1448,0.596194863319397
0.1,0.01,45,1452,0.5960627794265747
0.1,0.01,45,1456,0.5960931181907654
0.1,0.01,45,1460,0.5961138010025024
0.1,0.01,45,1464,0.5961576104164124
0.1,0.01,45,1468,0.5960123538970947
0.1,0.01,45,1472,0.5960139036178589
0.1,0.01,45,1476,0.5961297750473022
0.1,0.01,45,1480,0.596137285232544
0.1,0.01,45,1484,0.5960655808448792
0.1,0.01,45,1488,0.5962066650390625
0.1,0.01,45,1492,0.5963371992111206
0.1,0.01,45,1496,0.5962219834327698
0.1,0.01,45,1500,0.5963035821914673
0.1,0.01,45,1504,0.596315860748291
0.1,0.01,45,1508,0.5959891676902771
0.1,0.01,45,1512,0.5961472988128662
0.1,0.01,45,1516,0.5962098836898804
0.1,0.01,45,1520,0.5961152911186218
0.1,0.01,45,1524,0.5962256789207458
0.1,0.01,45,1528,0.5964123010635376
0.1,0.01,45,1532,0.5961966514587402
0.1,0.01,45,1536,0.5961428880691528
0.1,0.01,45,1540,0.5963271856307983
0.1,0.01,45,1544,0.5963558554649353
0.1,0.01,45,1548,0.59629225730896
0.1,0.01,45,1552,0.5962518453598022
0.1,0.01,45,1556,0.5964639782905579
0.1,0.01,45,1560,0.5964093804359436
0.1,0.01,45,1564,0.5964860916137695
0.1,0.01,45,1568,0.5964547991752625
0.1,0.01,45,1572,0.5964194536209106
0.1,0.01,45,1576,0.5963624119758606
0.1,0.01,45,1580,0.5963869690895081
0.1,0.01,45,1584,0.5962038636207581
0.1,0.01,45,1588,0.5965181589126587
0.1,0.01,45,1592,0.5964855551719666
0.1,0.01,45,1596,0.5964499115943909
0.1,0.01,45,1600,0.5966154336929321
0.1,0.01,45,1604,0.5965886116027832
0.1,0.01,45,1608,0.5964405536651611
0.1,0.01,45,1612,0.5965518951416016
0.1,0.01,45,1616,0.596574068069458
0.1,0.01,45,1620,0.5966655015945435
0.1,0.01,45,1624,0.5966144800186157
0.1,0.01,45,1628,0.5967782139778137
0.1,0.01,45,1632,0.5965505838394165
0.1,0.01,45,1636,0.59666508436203
0.1,0.01,45,1640,0.5966506004333496
0.1,0.01,45,1644,0.5966004133224487
0.1,0.01,45,1648,0.5965798497200012
0.1,0.01,45,1652,0.596612811088562
0.1,0.01,45,1656,0.5966628193855286
0.1,0.01,45,1660,0.5966665744781494
0.1,0.01,45,1664,0.5966145396232605
0.1,0.01,45,1668,0.5965708494186401
0.1,0.01,45,1672,0.5965473651885986
0.1,0.01,45,1676,0.5968317985534668
0.1,0.01,45,1680,0.596756637096405
0.1,0.01,45,1684,0.596788763999939
0.1,0.01,45,1688,0.5967305898666382
0.1,0.01,45,1692,0.5967516303062439
0.1,0.01,45,1696,0.5968548059463501
0.1,0.01,45,1700,0.5967066884040833
0.1,0.01,45,1704,0.596799910068512
0.1,0.01,45,1708,0.5967797636985779
0.1,0.01,45,1712,0.5967333316802979
0.1,0.01,45,1716,0.5968316197395325
0.1,0.01,45,1720,0.5969002842903137
0.1,0.01,45,1724,0.596748948097229
0.1,0.01,45,1728,0.5967741012573242
0.1,0.01,45,1732,0.5968721508979797
0.1,0.01,45,1736,0.5968377590179443
0.1,0.01,45,1740,0.5967798829078674
0.1,0.01,45,1744,0.5968884229660034
0.1,0.01,45,1748,0.5968895554542542
0.1,0.01,45,1752,0.5968469977378845
0.1,0.01,45,1756,0.5968323945999146
0.1,0.01,45,1760,0.5967565774917603
0.1,0.01,45,1764,0.5969539284706116
0.1,0.01,45,1768,0.5968510508537292
0.1,0.01,45,1772,0.5969142317771912
0.1,0.01,45,1776,0.5969046354293823
0.1,0.01,45,1780,0.5968340635299683
0.1,0.01,45,1784,0.5968751311302185
0.1,0.01,45,1788,0.597016453742981
0.1,0.01,45,1792,0.5970255732536316
0.1,0.01,45,1796,0.5969930291175842
0.1,0.01,45,1800,0.5968643426895142
0.1,0.01,45,1804,0.5968618392944336
0.1,0.01,45,1808,0.5969133973121643
0.1,0.01,45,1812,0.596879780292511
0.1,0.01,45,1816,0.5967438220977783
0.1,0.01,45,1820,0.5968533158302307
0.1,0.01,45,1824,0.5969826579093933
0.1,0.01,45,1828,0.5968194007873535
0.1,0.01,45,1832,0.596917986869812
0.1,0.01,45,1836,0.596992015838623
0.1,0.01,45,1840,0.597046971321106
0.1,0.01,45,1844,0.5969176888465881
0.1,0.01,45,1848,0.5969128608703613
0.1,0.01,45,1852,0.596949577331543
0.1,0.01,45,1856,0.5969851016998291
0.1,0.01,45,1860,0.5969493985176086
0.1,0.01,45,1864,0.5970736742019653
0.1,0.01,45,1868,0.5969671607017517
0.1,0.01,45,1872,0.5969886183738708
0.1,0.01,45,1876,0.5971031785011292
0.1,0.01,45,1880,0.5969884395599365
0.1,0.01,45,1884,0.5969741344451904
0.1,0.01,45,1888,0.5969253182411194
0.1,0.01,45,1892,0.5969787240028381
0.1,0.01,45,1896,0.597079336643219
0.1,0.01,45,1900,0.5970211625099182
0.1,0.01,45,1904,0.5969964265823364
0.1,0.01,45,1908,0.5969338417053223
0.1,0.01,45,1912,0.5969456434249878
0.1,0.01,45,1916,0.5969836115837097
0.1,0.01,45,1920,0.5971023440361023
0.1,0.01,45,1924,0.5970702171325684
0.1,0.01,45,1928,0.5970596671104431
0.1,0.01,45,1932,0.597075343132019
0.1,0.01,45,1936,0.5969528555870056
0.1,0.01,45,1940,0.5969774127006531
0.1,0.01,45,1944,0.5970897078514099
0.1,0.01,45,1948,0.5969731211662292
0.1,0.01,45,1952,0.5968735814094543
0.1,0.01,45,1956,0.5969209671020508
0.1,0.01,45,1960,0.5970426201820374
0.1,0.01,45,1964,0.5969982147216797
0.1,0.01,45,1968,0.5970302820205688
0.1,0.01,45,1972,0.5970757603645325
0.1,0.01,45,1976,0.5971226692199707
0.1,0.01,45,1980,0.5971623659133911
0.1,0.01,45,1984,0.5971889495849609
0.1,0.01,45,1988,0.59710294008255
0.1,0.01,45,1992,0.5970918536186218
0.1,0.01,45,1996,0.5971428751945496
0.1,0.01,45,2000,0.5971094965934753
0.1,0.01,45,2004,0.5972825884819031
0.1,0.01,45,2008,0.597104549407959
0.1,0.01,45,2012,0.5971840620040894
0.1,0.01,45,2016,0.5972044467926025
0.1,0.01,45,2020,0.5972261428833008
0.1,0.01,45,2024,0.5972428917884827
0.1,0.01,45,2028,0.5971909761428833
0.1,0.01,45,2032,0.5971459746360779
0.1,0.01,45,2036,0.5972217321395874
0.1,0.01,45,2040,0.5971720814704895
0.1,0.01,45,2044,0.5971553921699524
0.1,0.1,45,0000,0.6508084535598755
0.1,0.1,45,0004,0.6428187489509583
0.1,0.1,45,0008,0.6528289318084717
0.1,0.1,45,0012,0.6610105633735657
0.1,0.1,45,0016,0.6720402836799622
0.1,0.1,45,0020,0.6794317364692688
0.1,0.1,45,0024,0.687251091003418
0.1,0.1,45,0028,0.6918511986732483
0.1,0.1,45,0032,0.6935778856277466
0.1,0.1,45,0036,0.7008670568466187
0.1,0.1,45,0040,0.7043647766113281
0.1,0.1,45,0044,0.7063313722610474
0.1,0.1,45,0048,0.7114975452423096
0.1,0.1,45,0052,0.7132447957992554
0.1,0.1,45,0056,0.7158830165863037
0.1,0.1,45,0060,0.7178851962089539
0.1,0.1,45,0064,0.7191470861434937
0.1,0.1,45,0068,0.7200961112976074
0.1,0.1,45,0072,0.7215290069580078
0.1,0.1,45,0076,0.7230185270309448
0.1,0.1,45,0080,0.7240179777145386
0.1,0.1,45,0084,0.723783016204834
0.1,0.1,45,0088,0.724936842918396
0.1,0.1,45,0092,0.7258077263832092
0.1,0.1,45,0096,0.726435661315918
0.1,0.1,45,0100,0.7271175384521484
0.1,0.1,45,0104,0.7272787690162659
0.1,0.1,45,0108,0.7273091673851013
0.1,0.1,45,0112,0.7285735011100769
0.1,0.1,45,0116,0.7293123006820679
0.1,0.1,45,0120,0.7294701933860779
0.1,0.1,45,0124,0.7292817234992981
0.1,0.1,45,0128,0.7303220629692078
0.1,0.1,45,0132,0.7300192713737488
0.1,0.1,45,0136,0.7308139801025391
0.1,0.1,45,0140,0.7306728363037109
0.1,0.1,45,0144,0.7308643460273743
0.1,0.1,45,0148,0.7315784692764282
0.1,0.1,45,0152,0.7319653630256653
0.1,0.1,45,0156,0.7320515513420105
0.1,0.1,45,0160,0.7319513559341431
0.1,0.1,45,0164,0.7322127819061279
0.1,0.1,45,0168,0.7329245209693909
0.1,0.1,45,0172,0.7335453629493713
0.1,0.1,45,0176,0.7317677736282349
0.1,0.1,45,0180,0.7331947684288025
0.1,0.1,45,0184,0.733150064945221
0.1,0.1,45,0188,0.7340744137763977
0.1,0.1,45,0192,0.7337959408760071
0.1,0.1,45,0196,0.7336875796318054
0.1,0.1,45,0200,0.7342341542243958
0.1,0.1,45,0204,0.733913242816925
0.1,0.1,45,0208,0.7344250082969666
0.1,0.1,45,0212,0.7344922423362732
0.1,0.1,45,0216,0.7347480654716492
0.1,0.1,45,0220,0.7352197766304016
0.1,0.1,45,0224,0.7340906262397766
0.1,0.1,45,0228,0.7350679636001587
0.1,0.1,45,0232,0.7350286841392517
0.1,0.1,45,0236,0.7348690032958984
0.1,0.1,45,0240,0.7353826761245728
0.1,0.1,45,0244,0.7347640991210938
0.1,0.1,45,0248,0.7350585460662842
0.1,0.1,45,0252,0.7351663708686829
0.1,0.1,45,0256,0.7352508902549744
0.1,0.1,45,0260,0.7359856367111206
0.1,0.1,45,0264,0.7362467050552368
0.1,0.1,45,0268,0.7358493208885193
0.1,0.1,45,0272,0.7361632585525513
0.1,0.1,45,0276,0.7360116243362427
0.1,0.1,45,0280,0.7367895841598511
0.1,0.1,45,0284,0.7359286546707153
0.1,0.1,45,0288,0.7365861535072327
0.1,0.1,45,0292,0.7367355227470398
0.1,0.1,45,0296,0.7366757988929749
0.1,0.1,45,0300,0.7366425395011902
0.1,0.1,45,0304,0.7365909218788147
0.1,0.1,45,0308,0.7366243004798889
0.1,0.1,45,0312,0.7359479069709778
0.1,0.1,45,0316,0.736318051815033
0.1,0.1,45,0320,0.7366461753845215
0.1,0.1,45,0324,0.7368514537811279
0.1,0.1,45,0328,0.7365620732307434
0.1,0.1,45,0332,0.7369706034660339
0.1,0.1,45,0336,0.7366885542869568
0.1,0.1,45,0340,0.7369809150695801
0.1,0.1,45,0344,0.7363582849502563
0.1,0.1,45,0348,0.7371203899383545
0.1,0.1,45,0352,0.7373342514038086
0.1,0.1,45,0356,0.7371716499328613
0.1,0.1,45,0360,0.7372885346412659
0.1,0.1,45,0364,0.7369608283042908
0.1,0.1,45,0368,0.7375340461730957
0.1,0.1,45,0372,0.7374666929244995
0.1,0.1,45,0376,0.737251877784729
0.1,0.1,45,0380,0.7376511693000793
0.1,0.1,45,0384,0.7374962568283081
0.1,0.1,45,0388,0.7379260659217834
0.1,0.1,45,0392,0.7380796074867249
0.1,0.1,45,0396,0.7376680970191956
0.1,0.1,45,0400,0.7378935217857361
0.1,0.1,45,0404,0.7380039095878601
0.1,0.1,45,0408,0.737907350063324
0.1,0.1,45,0412,0.7382374405860901
0.1,0.1,45,0416,0.738241970539093
0.1,0.1,45,0420,0.7381455898284912
0.1,0.1,45,0424,0.7383278608322144
0.1,0.1,45,0428,0.7380251288414001
0.1,0.1,45,0432,0.7385273575782776
0.1,0.1,45,0436,0.7377758622169495
0.1,0.1,45,0440,0.7385094165802002
0.1,0.1,45,0444,0.7388311624526978
0.1,0.1,45,0448,0.7384008169174194
0.1,0.1,45,0452,0.7383453249931335
0.1,0.1,45,0456,0.7385613322257996
0.1,0.1,45,0460,0.7384084463119507
0.1,0.1,45,0464,0.7386195063591003
0.1,0.1,45,0468,0.7387908697128296
0.1,0.1,45,0472,0.7386407256126404
0.1,0.1,45,0476,0.7386791110038757
0.1,0.1,45,0480,0.7393515706062317
0.1,0.1,45,0484,0.738667368888855
0.1,0.1,45,0488,0.7391596436500549
0.1,0.1,45,0492,0.7384285926818848
0.1,0.1,45,0496,0.7386327385902405
0.1,0.1,45,0500,0.7388482093811035
0.1,0.1,45,0504,0.7388057112693787
0.1,0.1,45,0508,0.7384838461875916
0.1,0.1,45,0512,0.7389001250267029
0.1,0.1,45,0516,0.739108145236969
0.1,0.1,45,0520,0.7392456531524658
0.1,0.1,45,0524,0.7393197417259216
0.1,0.1,45,0528,0.7391204833984375
0.1,0.1,45,0532,0.7393259406089783
0.1,0.1,45,0536,0.7386136054992676
0.1,0.1,45,0540,0.7390968799591064
0.1,0.1,45,0544,0.7393208742141724
0.1,0.1,45,0548,0.7394935488700867
0.1,0.1,45,0552,0.7390719056129456
0.1,0.1,45,0556,0.7391669154167175
0.1,0.1,45,0560,0.7395064234733582
0.1,0.1,45,0564,0.739344596862793
0.1,0.1,45,0568,0.7393752336502075
0.1,0.1,45,0572,0.7392717599868774
0.1,0.1,45,0576,0.7390400171279907
0.1,0.1,45,0580,0.7392694354057312
0.1,0.1,45,0584,0.7393337488174438
0.1,0.1,45,0588,0.7392477989196777
0.1,0.1,45,0592,0.7395927906036377
0.1,0.1,45,0596,0.7395697832107544
0.1,0.1,45,0600,0.739569902420044
0.1,0.1,45,0604,0.7395487427711487
0.1,0.1,45,0608,0.7394039630889893
0.1,0.1,45,0612,0.7396166324615479
0.1,0.1,45,0616,0.7397250533103943
0.1,0.1,45,0620,0.740158200263977
0.1,0.1,45,0624,0.7397060990333557
0.1,0.1,45,0628,0.7396425008773804
0.1,0.1,45,0632,0.7397924661636353
0.1,0.1,45,0636,0.7397506833076477
0.1,0.1,45,0640,0.7397493124008179
0.1,0.1,45,0644,0.740010678768158
0.1,0.1,45,0648,0.7397921085357666
0.1,0.1,45,0652,0.7397396564483643
0.1,0.1,45,0656,0.7399468421936035
0.1,0.1,45,0660,0.7399798035621643
0.1,0.1,45,0664,0.7401452660560608
0.1,0.1,45,0668,0.740077555179596
0.1,0.1,45,0672,0.7401050925254822
0.1,0.1,45,0676,0.74016273021698
0.1,0.1,45,0680,0.7400620579719543
0.1,0.1,45,0684,0.7401276230812073
0.1,0.1,45,0688,0.740052342414856
0.1,0.1,45,0692,0.7402397990226746
0.1,0.1,45,0696,0.7402738332748413
0.1,0.1,45,0700,0.7404990792274475
0.1,0.1,45,0704,0.7402571439743042
0.1,0.1,45,0708,0.7399875521659851
0.1,0.1,45,0712,0.7401898503303528
0.1,0.1,45,0716,0.7402302026748657
0.1,0.1,45,0720,0.7403352856636047
0.1,0.1,45,0724,0.7401731610298157
0.1,0.1,45,0728,0.7402575016021729
0.1,0.1,45,0732,0.7400913238525391
0.1,0.1,45,0736,0.740081250667572
0.1,0.1,45,0740,0.7403905987739563
0.1,0.1,45,0744,0.7401742339134216
0.1,0.1,45,0748,0.7402026653289795
0.1,0.1,45,0752,0.7400920987129211
0.1,0.1,45,0756,0.7400248646736145
0.1,0.1,45,0760,0.7403619289398193
0.1,0.1,45,0764,0.740324854850769
0.1,0.1,45,0768,0.7403736114501953
0.1,0.1,45,0772,0.7404651045799255
0.1,0.1,45,0776,0.7403519749641418
0.1,0.1,45,0780,0.7404685020446777
0.1,0.1,45,0784,0.7403877973556519
0.1,0.1,45,0788,0.7402985692024231
0.1,0.1,45,0792,0.7403048872947693
0.1,0.1,45,0796,0.7402108311653137
0.1,0.1,45,0800,0.7402647137641907
0.1,0.1,45,0804,0.7401658296585083
0.1,0.1,45,0808,0.740456223487854
0.1,0.1,45,0812,0.7404186129570007
0.1,0.1,45,0816,0.740373432636261
0.1,0.1,45,0820,0.7402077317237854
0.1,0.1,45,0824,0.7404909729957581
0.1,0.1,45,0828,0.7404598593711853
0.1,0.1,45,0832,0.7404295206069946
0.1,0.1,45,0836,0.7405205965042114
0.1,0.1,45,0840,0.7404491305351257
0.1,0.1,45,0844,0.7404195070266724
0.1,0.1,45,0848,0.740420937538147
0.1,0.1,45,0852,0.7404583692550659
0.1,0.1,45,0856,0.7404734492301941
0.1,0.1,45,0860,0.7404966950416565
0.1,0.1,45,0864,0.7405076026916504
0.1,0.1,45,0868,0.740410566329956
0.1,0.1,45,0872,0.7403590083122253
0.1,0.1,45,0876,0.7403199672698975
0.1,0.1,45,0880,0.7403998970985413
0.1,0.1,45,0884,0.7401450872421265
0.1,0.1,45,0888,0.7401666045188904
0.1,0.1,45,0892,0.7401071786880493
0.1,0.1,45,0896,0.7401842474937439
0.1,0.1,45,0900,0.7402265071868896
0.1,0.1,45,0904,0.7404178380966187
0.1,0.1,45,0908,0.7401982545852661
0.1,0.1,45,0912,0.7403011322021484
0.1,0.1,45,0916,0.7403329014778137
0.1,0.1,45,0920,0.7402462959289551
0.1,0.1,45,0924,0.7402307391166687
0.1,0.1,45,0928,0.7402692437171936
0.1,0.1,45,0932,0.7400469779968262
0.1,0.1,45,0936,0.7401736378669739
0.1,0.1,45,0940,0.7401018738746643
0.1,0.1,45,0944,0.7403580546379089
0.1,0.1,45,0948,0.7401915788650513
0.1,0.1,45,0952,0.7403300404548645
0.1,0.1,45,0956,0.7403298020362854
0.1,0.1,45,0960,0.7403588891029358
0.1,0.1,45,0964,0.740260124206543
0.1,0.1,45,0968,0.740347146987915
0.1,0.1,45,0972,0.7402677536010742
0.1,0.1,45,0976,0.7403960824012756
0.1,0.1,45,0980,0.7404879331588745
0.1,0.1,45,0984,0.7405396699905396
0.1,0.1,45,0988,0.7404230237007141
0.1,0.1,45,0992,0.7405374646186829
0.1,0.1,45,0996,0.7404736280441284
0.1,0.1,45,1000,0.7403185367584229
0.1,0.1,45,1004,0.7403829097747803
0.1,0.1,45,1008,0.7403320670127869
0.1,0.1,45,1012,0.7404679656028748
0.1,0.1,45,1016,0.7403879761695862
0.1,0.1,45,1020,0.7404053807258606
0.1,0.1,45,1024,0.7403874397277832
0.1,0.1,45,1028,0.7403765320777893
0.1,0.1,45,1032,0.740367591381073
0.1,0.1,45,1036,0.7403426766395569
0.1,0.1,45,1040,0.7404002547264099
0.1,0.1,45,1044,0.7405242919921875
0.1,0.1,45,1048,0.7406601309776306
0.1,0.1,45,1052,0.7405680418014526
0.1,0.1,45,1056,0.7405697703361511
0.1,0.1,45,1060,0.7405110001564026
0.1,0.1,45,1064,0.7406013607978821
0.1,0.1,45,1068,0.7406154870986938
0.1,0.1,45,1072,0.7406297326087952
0.1,0.1,45,1076,0.7406297922134399
0.1,0.1,45,1080,0.7405975461006165
0.1,0.1,45,1084,0.7405055165290833
0.1,0.1,45,1088,0.740574836730957
0.1,0.1,45,1092,0.7406052947044373
0.1,0.1,45,1096,0.7406460642814636
0.1,0.1,45,1100,0.7406651377677917
0.1,0.1,45,1104,0.7405688762664795
0.1,0.1,45,1108,0.7406342029571533
0.1,0.1,45,1112,0.7405910491943359
0.1,0.1,45,1116,0.7406923770904541
0.1,0.1,45,1120,0.7406291961669922
0.1,0.1,45,1124,0.7407957911491394
0.1,0.1,45,1128,0.7407612204551697
0.1,0.1,45,1132,0.7407571077346802
0.1,0.1,45,1136,0.7407684326171875
0.1,0.1,45,1140,0.740770697593689
0.1,0.1,45,1144,0.7407460808753967
0.1,0.1,45,1148,0.7406901121139526
0.1,0.1,45,1152,0.7407376766204834
0.1,0.1,45,1156,0.7406969666481018
0.1,0.1,45,1160,0.740821123123169
0.1,0.1,45,1164,0.7408024072647095
0.1,0.1,45,1168,0.7407958507537842
0.1,0.1,45,1172,0.7407855987548828
0.1,0.1,45,1176,0.7408021688461304
0.1,0.1,45,1180,0.7408968210220337
0.1,0.1,45,1184,0.7408971786499023
0.1,0.1,45,1188,0.7407862544059753
0.1,0.1,45,1192,0.7409251928329468
0.1,0.1,45,1196,0.7407882809638977
0.1,0.1,45,1200,0.7407709360122681
0.1,0.1,45,1204,0.7408005595207214
0.1,0.1,45,1208,0.740868091583252
0.1,0.1,45,1212,0.7410668730735779
0.1,0.1,45,1216,0.7407675385475159
0.1,0.1,45,1220,0.7407940626144409
0.1,0.1,45,1224,0.740813136100769
0.1,0.1,45,1228,0.7409288883209229
0.1,0.1,45,1232,0.7411205768585205
0.1,0.1,45,1236,0.7410234808921814
0.1,0.1,45,1240,0.741018533706665
0.1,0.1,45,1244,0.7410378456115723
0.1,0.1,45,1248,0.7410197257995605
0.1,0.1,45,1252,0.7410629987716675
0.1,0.1,45,1256,0.7410333156585693
0.1,0.1,45,1260,0.7410022020339966
0.1,0.1,45,1264,0.7409307360649109
0.1,0.1,45,1268,0.7409539818763733
0.1,0.1,45,1272,0.7409615516662598
0.1,0.1,45,1276,0.7409546375274658
0.1,0.1,45,1280,0.7407845258712769
0.1,0.1,45,1284,0.740990161895752
0.1,0.1,45,1288,0.740966796875
0.1,0.1,45,1292,0.7410369515419006
0.1,0.1,45,1296,0.7410100698471069
0.1,0.1,45,1300,0.7410112619400024
0.1,0.1,45,1304,0.7409858703613281
0.1,0.1,45,1308,0.7410011887550354
0.1,0.1,45,1312,0.7409392595291138
0.1,0.1,45,1316,0.7408614754676819
0.1,0.1,45,1320,0.7409816384315491
0.1,0.1,45,1324,0.7410937547683716
0.1,0.1,45,1328,0.7409836053848267
0.1,0.1,45,1332,0.7409664392471313
0.1,0.1,45,1336,0.7410470247268677
0.1,0.1,45,1340,0.7409726977348328
0.1,0.1,45,1344,0.7410023808479309
0.1,0.1,45,1348,0.74104243516922
0.1,0.1,45,1352,0.7410601377487183
0.1,0.1,45,1356,0.7410867810249329
0.1,0.1,45,1360,0.7412096261978149
0.1,0.1,45,1364,0.7409864068031311
0.1,0.1,45,1368,0.7409829497337341
0.1,0.1,45,1372,0.7410091757774353
0.1,0.1,45,1376,0.7412355542182922
0.1,0.1,45,1380,0.7409035563468933
0.1,0.1,45,1384,0.7408760190010071
0.1,0.1,45,1388,0.7410329580307007
0.1,0.1,45,1392,0.7409393787384033
0.1,0.1,45,1396,0.7410788536071777
0.1,0.1,45,1400,0.7412013411521912
0.1,0.1,45,1404,0.7411255836486816
0.1,0.1,45,1408,0.7410396933555603
0.1,0.1,45,1412,0.7410017251968384
0.1,0.1,45,1416,0.7410483956336975
0.1,0.1,45,1420,0.7410215735435486
0.1,0.1,45,1424,0.7410446405410767
0.1,0.1,45,1428,0.7410991787910461
0.1,0.1,45,1432,0.7410131096839905
0.1,0.1,45,1436,0.7411292195320129
0.1,0.1,45,1440,0.7411318421363831
0.1,0.1,45,1444,0.7410933375358582
0.1,0.1,45,1448,0.741074800491333
0.1,0.1,45,1452,0.7410387396812439
0.1,0.1,45,1456,0.7411702275276184
0.1,0.1,45,1460,0.7412154078483582
0.1,0.1,45,1464,0.7411956191062927
0.1,0.1,45,1468,0.7411409616470337
0.1,0.1,45,1472,0.7412083148956299
0.1,0.1,45,1476,0.7413114905357361
0.1,0.1,45,1480,0.7412517666816711
0.1,0.1,45,1484,0.741199791431427
0.1,0.1,45,1488,0.7411723732948303
0.1,0.1,45,1492,0.7413586974143982
0.1,0.1,45,1496,0.7412437200546265
0.1,0.1,45,1500,0.7413069605827332
0.1,0.1,45,1504,0.741334080696106
0.1,0.1,45,1508,0.7412878274917603
0.1,0.1,45,1512,0.7413191199302673
0.1,0.1,45,1516,0.7413111925125122
0.1,0.1,45,1520,0.7413018941879272
0.1,0.1,45,1524,0.7412600517272949
0.1,0.1,45,1528,0.7412241697311401
0.1,0.1,45,1532,0.7412693500518799
0.1,0.1,45,1536,0.7411876916885376
0.1,0.1,45,1540,0.7412348985671997
0.1,0.1,45,1544,0.7411989569664001
0.1,0.1,45,1548,0.7412149310112
0.1,0.1,45,1552,0.7412290573120117
0.1,0.1,45,1556,0.741282045841217
0.1,0.1,45,1560,0.741321861743927
0.1,0.1,45,1564,0.7411984205245972
0.1,0.1,45,1568,0.7412357330322266
0.1,0.1,45,1572,0.7412506937980652
0.1,0.1,45,1576,0.7413228750228882
0.1,0.1,45,1580,0.741195559501648
0.1,0.1,45,1584,0.7411675453186035
0.1,0.1,45,1588,0.7412852048873901
0.1,0.1,45,1592,0.7413252592086792
0.1,0.1,45,1596,0.741227924823761
0.1,0.1,45,1600,0.7412588000297546
0.1,0.1,45,1604,0.7413179874420166
0.1,0.1,45,1608,0.7413563132286072
0.1,0.1,45,1612,0.7413424253463745
0.1,0.1,45,1616,0.741447925567627
0.1,0.1,45,1620,0.7413586974143982
0.1,0.1,45,1624,0.7413298487663269
0.1,0.1,45,1628,0.7413958311080933
0.1,0.1,45,1632,0.7412838935852051
0.1,0.1,45,1636,0.7413185238838196
0.1,0.1,45,1640,0.7413244247436523
0.1,0.1,45,1644,0.7414140105247498
0.1,0.1,45,1648,0.7412826418876648
0.1,0.1,45,1652,0.7412936687469482
0.1,0.1,45,1656,0.74128657579422
0.1,0.1,45,1660,0.7413175106048584
0.1,0.1,45,1664,0.7413308620452881
0.1,0.1,45,1668,0.7413668632507324
0.1,0.1,45,1672,0.7412972450256348
0.1,0.1,45,1676,0.7413107752799988
0.1,0.1,45,1680,0.7413762807846069
0.1,0.1,45,1684,0.7413287162780762
0.1,0.1,45,1688,0.7413417100906372
0.1,0.1,45,1692,0.7412979602813721
0.1,0.1,45,1696,0.741311252117157
0.1,0.1,45,1700,0.7413606643676758
0.1,0.1,45,1704,0.7413736581802368
0.1,0.1,45,1708,0.7413234114646912
0.1,0.1,45,1712,0.7413045763969421
0.1,0.1,45,1716,0.7413870692253113
0.1,0.1,45,1720,0.7413797974586487
0.1,0.1,45,1724,0.7414335608482361
0.1,0.1,45,1728,0.7413886189460754
0.1,0.1,45,1732,0.7413133382797241
0.1,0.1,45,1736,0.7413506507873535
0.1,0.1,45,1740,0.7413491606712341
0.1,0.1,45,1744,0.7413237690925598
0.1,0.1,45,1748,0.7413628697395325
0.1,0.1,45,1752,0.741282045841217
0.1,0.1,45,1756,0.741316020488739
0.1,0.1,45,1760,0.7413148880004883
0.1,0.1,45,1764,0.7412678599357605
0.1,0.1,45,1768,0.741311252117157
0.1,0.1,45,1772,0.7412782907485962
0.1,0.1,45,1776,0.7413150668144226
0.1,0.1,45,1780,0.7411854863166809
0.1,0.1,45,1784,0.7413591742515564
0.1,0.1,45,1788,0.7413326501846313
0.1,0.1,45,1792,0.7413257360458374
0.1,0.1,45,1796,0.741367757320404
0.1,0.1,45,1800,0.7411253452301025
0.1,0.1,45,1804,0.7413276433944702
0.1,0.1,45,1808,0.7413656711578369
0.1,0.1,45,1812,0.741354763507843
0.1,0.1,45,1816,0.74129319190979
0.1,0.1,45,1820,0.7412794232368469
0.1,0.1,45,1824,0.7413815259933472
0.1,0.1,45,1828,0.7413569688796997
0.1,0.1,45,1832,0.7413581013679504
0.1,0.1,45,1836,0.7413581013679504
0.1,0.1,45,1840,0.7413229942321777
0.1,0.1,45,1844,0.7413370609283447
0.1,0.1,45,1848,0.7413508296012878
0.1,0.1,45,1852,0.7413578033447266
0.1,0.1,45,1856,0.7413726449012756
0.1,0.1,45,1860,0.7414199709892273
0.1,0.1,45,1864,0.7413938641548157
0.1,0.1,45,1868,0.7413506507873535
0.1,0.1,45,1872,0.7413374185562134
0.1,0.1,45,1876,0.7413074970245361
0.1,0.1,45,1880,0.7413769364356995
0.1,0.1,45,1884,0.7414078712463379
0.1,0.1,45,1888,0.7413862943649292
0.1,0.1,45,1892,0.7414112687110901
0.1,0.1,45,1896,0.7414671778678894
0.1,0.1,45,1900,0.7413803935050964
0.1,0.1,45,1904,0.741393506526947
0.1,0.1,45,1908,0.7413995265960693
0.1,0.1,45,1912,0.7413634657859802
0.1,0.1,45,1916,0.741367757320404
0.1,0.1,45,1920,0.7413289546966553
0.1,0.1,45,1924,0.7413585186004639
0.1,0.1,45,1928,0.7413836121559143
0.1,0.1,45,1932,0.741439938545227
0.1,0.1,45,1936,0.7414229512214661
0.1,0.1,45,1940,0.7413731813430786
0.1,0.1,45,1944,0.7413941025733948
0.1,0.1,45,1948,0.7413603067398071
0.1,0.1,45,1952,0.7414349317550659
0.1,0.1,45,1956,0.7413980960845947
0.1,0.1,45,1960,0.7413963079452515
0.1,0.1,45,1964,0.7414279580116272
0.1,0.1,45,1968,0.7414800524711609
0.1,0.1,45,1972,0.7414005398750305
0.1,0.1,45,1976,0.7413235306739807
0.1,0.1,45,1980,0.7412830591201782
0.1,0.1,45,1984,0.7413123250007629
0.1,0.1,45,1988,0.7413101196289062
0.1,0.1,45,1992,0.7413286566734314
0.1,0.1,45,1996,0.7413864135742188
0.1,0.1,45,2000,0.741381049156189
0.1,0.1,45,2004,0.7414034605026245
0.1,0.1,45,2008,0.7414020299911499
0.1,0.1,45,2012,0.7414084076881409
0.1,0.1,45,2016,0.7414317727088928
0.1,0.1,45,2020,0.7414451837539673
0.1,0.1,45,2024,0.7414684891700745
0.1,0.1,45,2028,0.7414706945419312
0.1,0.1,45,2032,0.7414480447769165
0.1,0.1,45,2036,0.7414606809616089
0.1,0.1,45,2040,0.7413871884346008
0.1,0.1,45,2044,0.7414019107818604
